{
  "invoices": [
    {
      "id": 1,
      "Client": "Global Interactive Technologies",
      "Description": "Creating an Invoice management system",
      "Date": "2022-10-08 00:00:00",
      "Amount": 200,
      "Currency": "GBP",
      "Status": "Paid"
    },
    {
      "id": 2,
      "Client": "Ace Outsourcing Resources",
      "Description": "Design and build a Sencha Touch mobile application.",
      "Date": "2022-10-08T00:00:00",
      "Amount": 500.5,
      "Currency": "GBP",
      "Status": "Sent"
    },
    {
      "id": 3,
      "Client": "Acme Corporation",
      "Description": "Develop an Ext JS 4 CMS",
      "Date": "2022-10-08 00:00:00",
      "Amount": 1000,
      "Currency": "USD",
      "Status": "Viewed"
    },
    {
      "id": 4,
      "Client": "Acme Corporation",
      "Description": "Train our staff how to use Ext JS 4",
      "Date": "2022-10-08 00:00:00",
      "Amount": 380,
      "Currency": "USD",
      "Status": "Paid"
    }
  ]
}