{
    "success": true,
    "data": {
        "FirstName": "Abhijeet",
        "LastName": "Gole",
        "EmailAddress": "manishvbn@gmail.com",
        "TelNumberCode": "91",
        "TelNumber": "9822-025-942",
        "RequestDetails": "This is some Request",
        "RequestType": {
            "RequestType1": true,
            "RequestType2": false,
            "RequestType3": true,
            "RequestType4": true,
            "RequestType5": false,
            "RequestType6": true
        }
    }
}