{
  "posts": [
    {
      "userId": 1,
      "id": 1,
      "title": "sunt aut facere repellat provident occaecati excepturi optio reprehenderit",
      "body": "quia et suscipit\nsuscipit recusandae consequuntur expedita et cum\nreprehenderit molestiae ut ut quas totam\nnostrum rerum est autem sunt rem eveniet architecto"
    }
  ],
  "employee": [
    {
      "id": 1,
      "firstname": "Manish",
      "lastname": "Sharma",
      "email": "manishvbn@gmail.com"
    },
    {
      "id": 3,
      "firstname": "Ramakant",
      "lastname": "Debata",
      "email": "ramakant@gmail.com"
    }
  ]
}